{
"Roads":[
{
"Name":"Entry Road N",
"Length":20,
"XLocation":79,
"YLocation":-93,
"Heading":0
},
{
"Name":"Entry Road S",
"Length":20,
"XLocation":75,
"YLocation":-73,
"Heading":1
},
{
"Name":"Westside Highway N",
"Length":160,
"XLocation":79,
"YLocation":-73,
"Heading":0
},
{
"Name":"Westside Highway S",
"Length":160,
"XLocation":75,
"YLocation":85.999999999999986,
"Heading":1
},
{
"Name":"Eastside Drive N",
"Length":160,
"XLocation":-81,
"YLocation":-73,
"Heading":0
},
{
"Name":"Eastside Drive S",
"Length":160,
"XLocation":-77,
"YLocation":86.999999999999986,
"Heading":1
},
{
"Name":"Midway Way N",
"Length":80,
"XLocation":-4,
"YLocation":7,
"Heading":0
},
{
"Name":"Midway Way S",
"Length":80,
"XLocation":0,
"YLocation":86.999999999999986,
"Heading":1
},
{
"Name":"Southern Tier Exp W",
"Length":160,
"XLocation":79,
"YLocation":-72,
"Heading":3
},
{
"Name":"Southern Tier Exp E",
"Length":160,
"XLocation":-81,
"YLocation":-76,
"Heading":2
},
{
"Name":"Main Street W",
"Length":160,
"XLocation":79,
"YLocation":7,
"Heading":3
},
{
"Name":"Main Street E",
"Length":160,
"XLocation":-81,
"YLocation":3,
"Heading":2
},
{
"Name":"Northway W",
"Length":160,
"XLocation":79,
"YLocation":86.999999999999986,
"Heading":3
},
{
"Name":"North Way E",
"Length":160,
"XLocation":-81,
"YLocation":83,
"Heading":2
}
]
}
